{
  "서울특별시 노원구 중계동 68-1": [
    37.6484835223053,
    127.083663400175
  ],
  "서울특별시 양천구 목동 315-6": [
    37.5422930519782,
    126.868396544723
  ],
  "서울특별시 노원구 상계동 1320": [
    37.672113569737,
    127.081331103234
  ],
  "서울특별시 구로구 구로동 730-2": [
    37.4903363718045,
    126.88770563821
  ],
  "서울특별시 양천구 신정동 917-10": [
    37.5254160420736,
    126.85595531827
  ],
  "서울특별시 노원구 상계동 996-16": [
    37.6739178232072,
    127.057905495559
  ],
  "서울특별시 구로구 구로동 415-37": [
    37.4929259405727,
    126.882139975896
  ],
  "서울특별시 노원구 상계동 1049-43": [
    37.6741012391879,
    127.053371278825
  ],
  "서울특별시 강북구 미아동 224-40": [
    37.6260224922895,
    127.024132776775
  ],
  "서울특별시 노원구 상계동 1117-12": [
    37.676763049261,
    127.056556486969
  ],
  "서울특별시 광진구 구의동 29-1": [
    37.5538130047822,
    127.092291866878
  ],
  "서울특별시 노원구 상계동 407-7": [
    37.6605303263043,
    127.066945842892
  ],
  "서울특별시 강북구 미아동 137-17": [
    37.6189070183593,
    127.029730972729
  ],
  "서울특별시 구로구 구로동 739-19": [
    37.4883993135412,
    126.886123493551
  ],
  "서울특별시 구로구 구로동 807-26": [
    37.4867452640929,
    126.885957643691
  ],
  "서울특별시 양천구 신정동 893-6": [
    37.5291275477135,
    126.862001275773
  ],
  "서울특별시 강북구 미아동 135-44": [
    37.6204542367997,
    127.029920412982
  ],
  "서울특별시 구로구 구로동 749-96": [
    37.4879684330027,
    126.88751469999
  ],
  "서울특별시 노원구 상계동 1101-2": [
    37.6761043174604,
    127.052114911405
  ],
  "서울특별시 양천구 신정동 1210-1": [
    37.5200211485385,
    126.849764013505
  ],
  "서울특별시 양천구 신정동 918-1": [
    37.5268229605007,
    126.855664018405
  ],
  "서울특별시 광진구 구의동 47-23": [
    37.5512040236069,
    127.092473451268
  ],
  "서울특별시 구로구 구로동 770-23": [
    37.4880068361933,
    126.888582037205
  ]
}